<?xml version="1.0" encoding="UTF-8"?>
<project xmlns="http://maven.apache.org/POM/4.0.0" xmlns:xsi="http://www.w3.org/2001/XMLSchema-instance"
	xsi:schemaLocation="http://maven.apache.org/POM/4.0.0 http://maven.apache.org/maven-v4_0_0.xsd">
	<parent>
		<artifactId>spring-boot-starter-parent</artifactId>
		<groupId>org.springframework.boot</groupId>
		<version>1.5.4.RELEASE</version>
		<relativePath>pom.xml</relativePath>
	</parent>
	<modelVersion>4.0.0</modelVersion>
	<groupId>1com.codemantra.alttext.api</groupId>
	<artifactId>1accessibility-alttext-service</artifactId>
	<name>accessibility-alttext-service</name>
	<version>1.0-SNAPSHOT</version>
	<description>Boot Service for Accessibility Alt Text Service New</description>
	<build>
		<finalName>accessibility-alttext-service</finalName>
		<plugins>
			<plugin>
				<groupId>org.springframework.boot</groupId>
				<artifactId>spring-boot-maven-plugin</artifactId>
			</plugin>
			<plugin>
				<artifactId>maven-compiler-plugin</artifactId>
				<version>3.7.0</version>
				<configuration>
					<source>1.8</source>
					<target>1.8</target>
				</configuration>
			</plugin>
			<plugin>
				<artifactId>maven-source-plugin</artifactId>
				<executions>
					<execution>
						<id>attach-sources</id>
						<phase>verify</phase>
						<goals>
							<goal>jar</goal>
						</goals>
					</execution>
				</executions>
			</plugin>
		</plugins>
	</build>
	<dependencies>
		<dependency>
			<groupId>org.springframework.boot</groupId>
			<artifactId>spring-boot-starter</artifactId>
			<version>1.5.4.RELEASE</version>
			<scope>provided</scope>
			<exclusions>
				<exclusion>
					<artifactId>commons-logging</artifactId>
					<groupId>commons-logging</groupId>
				</exclusion>
			</exclusions>
		</dependency>
		<dependency>
			<groupId>org.springframework.boot</groupId>
			<artifactId>spring-boot-starter-web</artifactId>
			<version>1.5.4.RELEASE</version>
			<scope>provided</scope>
		</dependency>
		<dependency>
			<groupId>commons-dbcp</groupId>
			<artifactId>commons-dbcp</artifactId>
			<version>1.4</version>
			<scope>provided</scope>
		</dependency>
		<dependency>
			<groupId>org.springframework</groupId>
			<artifactId>spring-jdbc</artifactId>
			<version>4.3.9.RELEASE</version>
			<scope>provided</scope>
		</dependency>
		<dependency>
			<groupId>com.amazonaws</groupId>
			<artifactId>aws-java-sdk</artifactId>
			<version>1.11.22</version>
			<scope>provided</scope>
		</dependency>
		<dependency>
			<groupId>org.jsoup</groupId>
			<artifactId>jsoup</artifactId>
			<version>1.11.1</version>
			<scope>provided</scope>
		</dependency>
		<dependency>
			<groupId>org.apache.pdfbox</groupId>
			<artifactId>jbig2-imageio</artifactId>
			<version>3.0.2</version>
			<scope>provided</scope>
		</dependency>
		<dependency>
			<groupId>org.apache.pdfbox</groupId>
			<artifactId>pdfbox-app</artifactId>
			<version>2.0.6</version>
			<scope>provided</scope>
		</dependency>
		<dependency>
			<groupId>org.postgresql</groupId>
			<artifactId>postgresql</artifactId>
			<version>9.4.1212.jre7</version>
			<scope>provided</scope>
		</dependency>
		<dependency>
			<groupId>org.mybatis</groupId>
			<artifactId>mybatis</artifactId>
			<version>3.4.0</version>
			<scope>provided</scope>
		</dependency>
		<dependency>
			<groupId>com.jolbox</groupId>
			<artifactId>bonecp</artifactId>
			<version>0.8.0.RELEASE</version>
			<scope>provided</scope>
		</dependency>
		<dependency>
			<groupId>org.mybatis</groupId>
			<artifactId>mybatis-spring</artifactId>
			<version>1.3.0</version>
			<scope>provided</scope>
		</dependency>
		<dependency>
			<groupId>commons-io</groupId>
			<artifactId>commons-io</artifactId>
			<version>2.0.1</version>
			<scope>provided</scope>
		</dependency>
		<dependency>
			<groupId>org.apache.commons</groupId>
			<artifactId>commons-collections4</artifactId>
			<version>4.0</version>
			<scope>provided</scope>
		</dependency>
		<dependency>
			<groupId>org.springframework</groupId>
			<artifactId>spring-core</artifactId>
			<version>4.3.9.RELEASE</version>
			<scope>provided</scope>
			<exclusions>
				<exclusion>
					<artifactId>commons-logging</artifactId>
					<groupId>commons-logging</groupId>
				</exclusion>
			</exclusions>
		</dependency>
		<dependency>
			<groupId>org.springframework</groupId>
			<artifactId>spring-context</artifactId>
			<version>4.3.9.RELEASE</version>
			<scope>provided</scope>
		</dependency>
		<dependency>
			<groupId>org.springframework</groupId>
			<artifactId>spring-context-support</artifactId>
			<version>4.3.9.RELEASE</version>
			<scope>provided</scope>
		</dependency>
		<dependency>
			<groupId>org.springframework</groupId>
			<artifactId>spring-web</artifactId>
			<version>4.3.9.RELEASE</version>
			<scope>provided</scope>
		</dependency>
		<dependency>
			<groupId>org.springframework</groupId>
			<artifactId>spring-webmvc</artifactId>
			<version>4.3.9.RELEASE</version>
			<scope>provided</scope>
		</dependency>
		<dependency>
			<groupId>javax.inject</groupId>
			<artifactId>javax.inject</artifactId>
			<version>1</version>
			<scope>provided</scope>
		</dependency>
		<dependency>
			<groupId>org.json</groupId>
			<artifactId>json</artifactId>
			<version>20140107</version>
			<scope>provided</scope>
		</dependency>
		<dependency>
			<groupId>org.springframework.boot</groupId>
			<artifactId>spring-boot-starter-tomcat</artifactId>
			<version>1.5.4.RELEASE</version>
			<scope>provided</scope>
		</dependency>
		<dependency>
			<groupId>org.apache.tomcat.embed</groupId>
			<artifactId>tomcat-embed-jasper</artifactId>
			<version>8.5.15</version>
			<scope>provided</scope>
		</dependency>
		<dependency>
			<groupId>com.google.code.gson</groupId>
			<artifactId>gson</artifactId>
			<version>2.8.0</version>
			<scope>provided</scope>
		</dependency>
		<dependency>
			<groupId>org.apache.commons</groupId>
			<artifactId>commons-io</artifactId>
			<version>1.3.2</version>
			<scope>compile</scope>
		</dependency>
		<dependency>
			<groupId>commons-lang</groupId>
			<artifactId>commons-lang</artifactId>
			<version>2.2</version>
			<scope>provided</scope>
		</dependency>
		<dependency>
			<groupId>commons-codec</groupId>
			<artifactId>commons-codec</artifactId>
			<version>1.10</version>
			<scope>provided</scope>
		</dependency>
		<dependency>
			<groupId>org.apache.commons</groupId>
			<artifactId>commons-lang3</artifactId>
			<version>3.0</version>
			<scope>provided</scope>
		</dependency>
		<dependency>
			<groupId>com.itextpdf</groupId>
			<artifactId>kernel</artifactId>
			<version>7.1.3</version>
			<scope>provided</scope>
		</dependency>
		<dependency>
			<groupId>com.itextpdf</groupId>
			<artifactId>io</artifactId>
			<version>7.0.4</version>
			<scope>provided</scope>
		</dependency>
		<dependency>
			<groupId>com.lowagie</groupId>
			<artifactId>itext</artifactId>
			<version>1.4</version>
			<scope>provided</scope>
		</dependency>
		<dependency>
			<groupId>com.itextpdf</groupId>
			<artifactId>itextpdf</artifactId>
			<version>5.5.6</version>
			<scope>provided</scope>
		</dependency>
		<dependency>
			<groupId>org.apache.xmlbeans</groupId>
			<artifactId>xmlbeans</artifactId>
			<version>2.6.0</version>
			<scope>provided</scope>
		</dependency>
		<dependency>
			<groupId>commons-logging</groupId>
			<artifactId>commons-logging</artifactId>
			<version>1.2</version>
			<scope>provided</scope>
		</dependency>
		<dependency>
			<groupId>javax.servlet</groupId>
			<artifactId>javax.servlet-api</artifactId>
			<version>3.1.0</version>
			<scope>provided</scope>
		</dependency>
		<dependency>
			<groupId>org.modelmapper</groupId>
			<artifactId>modelmapper</artifactId>
			<version>0.7.5</version>
			<scope>provided</scope>
		</dependency>
		<dependency>
			<groupId>org.apache.commons</groupId>
			<artifactId>commons-pool2</artifactId>
			<version>2.4.2</version>
			<scope>provided</scope>
		</dependency>
		<dependency>
			<groupId>org.springframework</groupId>
			<artifactId>spring-orm</artifactId>
			<version>4.3.6.RELEASE</version>
			<scope>provided</scope>
		</dependency>
		<dependency>
			<groupId>org.apache.poi</groupId>
			<artifactId>poi-ooxml</artifactId>
			<version>3.17</version>
			<scope>provided</scope>
		</dependency>
	</dependencies>
	<properties>
		<java.version>1.8</java.version>
	</properties>
</project>

